Feature,Abs Pearson Corr With Label
URLSimilarityIndex,0.8603580349950747
URLTitleMatchScore,0.5394186582391262
URLCharProb,0.4697485899604293
TLDLegitimateProb,0.09738926357112067
